Algorithm,Input,n,Time_ms,Comparisons,Moves,Depth,Correct,Stable
Insertion,random,1000,0.187667,251418,252422,0,PASS,PASS
Quick-Random,random,1000,0.059000,10793,14973,21,PASS,FAIL
Quick-First,random,1000,0.047000,10884,16136,21,PASS,FAIL
Quick-Middle,random,1000,0.057333,10858,16857,22,PASS,FAIL
Quick-Median3,random,1000,0.106667,11427,16604,16,PASS,FAIL
Heap,random,1000,0.071667,16869,27324,0,PASS,FAIL
Insertion,sorted,1000,0.001333,999,1998,0,PASS,PASS
Quick-Random,sorted,1000,0.028333,10808,3745,23,PASS,PASS
Quick-First,sorted,1000,0.343000,499500,999,999,PASS,PASS
Quick-Middle,sorted,1000,0.010333,7987,3439,9,PASS,PASS
Quick-Median3,sorted,1000,0.010667,9520,3439,9,PASS,PASS
Heap,sorted,1000,0.074333,17583,29124,0,PASS,PASS
Insertion,reverse,1000,0.347000,499500,501498,0,PASS,PASS
Quick-Random,reverse,1000,0.036667,10684,13128,23,PASS,PASS
Quick-First,reverse,1000,0.470000,499500,2499,999,PASS,PASS
Quick-Middle,reverse,1000,0.020667,8653,14576,14,PASS,PASS
Quick-Median3,reverse,1000,0.107333,127005,4995,251,PASS,PASS
Heap,reverse,1000,0.059000,15965,24948,0,PASS,PASS
Insertion,duplicates,1000,0.663667,240351,241353,0,PASS,PASS
Quick-Random,duplicates,1000,0.049667,30032,11810,65,PASS,FAIL
Quick-First,duplicates,1000,0.041333,29703,7454,64,PASS,FAIL
Quick-Middle,duplicates,1000,0.041000,31017,11417,69,PASS,FAIL
Quick-Median3,duplicates,1000,0.044000,32545,9191,64,PASS,FAIL
Heap,duplicates,1000,0.731000,16392,26103,0,PASS,FAIL
Insertion,random,5000,6.298667,6340103,6345106,0,PASS,PASS
Quick-Random,random,5000,0.422000,70593,100770,28,PASS,FAIL
Quick-First,random,5000,0.306000,67302,94872,27,PASS,FAIL
Quick-Middle,random,5000,0.382333,70353,99246,27,PASS,FAIL
Quick-Median3,random,5000,0.415667,72022,89177,22,PASS,FAIL
Heap,random,5000,0.520000,107606,171045,0,PASS,FAIL
Insertion,sorted,5000,0.007000,4999,9998,0,PASS,PASS
Quick-Random,sorted,5000,0.192000,76295,18453,31,PASS,PASS
Quick-First,sorted,5000,7.643000,12497500,4999,4999,PASS,PASS
Quick-Middle,sorted,5000,0.058000,51822,15234,12,PASS,PASS
Quick-Median3,sorted,5000,0.064000,60678,15234,12,PASS,PASS
Heap,sorted,5000,0.370667,112126,182796,0,PASS,PASS
Insertion,reverse,5000,10.609000,12497500,12507498,0,PASS,PASS
Quick-Random,reverse,5000,0.201667,64582,82459,23,PASS,PASS
Quick-First,reverse,5000,10.334333,12497500,12499,4999,PASS,PASS
Quick-Middle,reverse,5000,0.110333,54924,90002,16,PASS,PASS
Quick-Median3,reverse,5000,2.844667,3135005,24995,1251,PASS,PASS
Heap,reverse,5000,0.419667,103227,160308,0,PASS,PASS
Insertion,duplicates,5000,4.831000,5934391,5939393,0,PASS,PASS
Quick-Random,duplicates,5000,0.945000,653089,52059,289,PASS,FAIL
Quick-First,duplicates,5000,0.696333,653046,39084,287,PASS,FAIL
Quick-Middle,duplicates,5000,0.898000,657242,62673,294,PASS,FAIL
Quick-Median3,duplicates,5000,0.703000,662338,48789,288,PASS,FAIL
Heap,duplicates,5000,0.640667,104045,163383,0,PASS,FAIL
Insertion,random,10000,26.828000,25224867,25234870,0,PASS,PASS
Quick-Random,random,10000,1.227333,163620,250360,33,PASS,FAIL
Quick-First,random,10000,0.942000,155772,244928,30,PASS,FAIL
Quick-Middle,random,10000,1.004667,152994,235205,29,PASS,FAIL
Quick-Median3,random,10000,1.228000,154099,207401,24,PASS,FAIL
Heap,random,10000,1.746667,235155,372312,0,PASS,FAIL
Insertion,sorted,10000,0.012667,9999,19998,0,PASS,PASS
Quick-Random,sorted,10000,0.394000,162741,36727,33,PASS,PASS
Quick-First,sorted,10000,39.492667,49995000,9999,9999,PASS,PASS
Quick-Middle,sorted,10000,0.238333,113631,30474,13,PASS,PASS
Quick-Median3,sorted,10000,0.389667,131343,30474,13,PASS,PASS
Heap,sorted,10000,1.464667,244460,395868,0,PASS,PASS
Insertion,reverse,10000,55.757667,49995000,50014998,0,PASS,PASS
Quick-Random,reverse,10000,0.752000,153997,190785,30,PASS,PASS
Quick-First,reverse,10000,74.415000,49995000,24999,9999,PASS,PASS
Quick-Middle,reverse,10000,0.422667,119881,195183,17,PASS,PASS
Quick-Median3,reverse,10000,21.256333,12520005,49995,2501,PASS,PASS
Heap,reverse,10000,1.484000,226682,350088,0,PASS,PASS
Insertion,duplicates,10000,32.617000,23771549,23781551,0,PASS,PASS
Quick-Random,duplicates,10000,4.597333,2568273,143285,543,PASS,FAIL
Quick-First,duplicates,10000,3.871667,2538685,71234,546,PASS,FAIL
Quick-Middle,duplicates,10000,5.003000,2545631,102980,544,PASS,FAIL
Quick-Median3,duplicates,10000,5.216333,2573122,99653,546,PASS,FAIL
Heap,duplicates,10000,1.484667,227277,355518,0,PASS,FAIL
